timestamp_ms,power_W
1759962346960,8.70
1759962347406,8.94
1759962348007,8.90
1759962348451,8.68
1759962349052,8.61
1759962349494,8.98
1759962350097,11.36
1759962350557,11.84
1759962351168,12.38
1759962351628,11.86
1759962352238,12.22
1759962352673,13.53
1759962353306,10.66
1759962353718,8.73
1759962354349,9.94
1759962354787,11.62
1759962355415,10.56
1759962355855,11.37
1759962356480,12.65
1759962356925,10.31
1759962357535,9.87
1759962357997,16.83
1759962358598,34.26
1759962359056,41.59
1759962359636,40.30
1759962360091,34.34
1759962360673,17.75
1759962361131,12.05
1759962361713,11.22
1759962362171,11.25
1759962362753,12.02
1759962363242,12.58
1759962363819,12.28
1759962364313,11.67
1759962364893,10.29
1759962365385,9.57
1759962365939,9.30
1759962366453,9.10
1759962366987,9.65
1759962367493,9.79
1759962368054,9.12
1759962368563,8.51
1759962369099,8.48
1759962369607,8.84
1759962370145,9.51
1759962370677,9.73
1759962371191,9.70
1759962371723,9.23
1759962372236,8.89
1759962372769,10.22
1759962373281,11.97
1759962373840,12.65
1759962374350,12.44
1759962374910,11.09
1759962375416,9.52
1759962375956,11.57
1759962376462,13.71
1759962377031,12.30
1759962377531,12.54
1759962378106,14.43
1759962378602,15.36
1759962379156,13.55
1759962379679,11.95
1759962380224,9.74
1759962380746,10.48
1759962381296,10.06
1759962381820,9.15
1759962382345,9.65
1759962382884,9.85
1759962383413,9.82
1759962383955,9.55
1759962384489,8.85
1759962384996,8.85
1759962385554,9.00
1759962386073,9.14
1759962386599,9.23
1759962387121,9.05
1759962387645,12.02
1759962388190,16.68
1759962388699,15.08
1759962389265,11.41
1759962389745,11.85
1759962390334,14.99
1759962390820,14.74
1759962391408,11.27
1759962391891,8.95
1759962392458,9.16
1759962392942,10.28
1759962393531,10.20
1759962394009,9.16
1759962394576,9.57
1759962395051,9.68
1759962395620,9.33
1759962396117,9.31
1759962396692,9.00
1759962397167,9.35
1759962397736,10.94
1759962398235,12.28
1759962398807,11.82
1759962399303,10.11
1759962399852,9.05
1759962400349,9.34
1759962400901,9.11
1759962401392,8.68
1759962401947,8.68
1759962402433,8.73
1759962402991,8.63
1759962403477,8.62
1759962404036,9.04
1759962404523,9.10
1759962405107,8.73
1759962405567,8.66
1759962406152,8.66
1759962406639,8.70
1759962407197,8.70
1759962407679,9.25
1759962408267,9.05
1759962408723,8.78
1759962409311,8.77
1759962409767,8.80
1759962410357,9.31
1759962410837,9.11
1759962411403,8.97
1759962411881,8.97
1759962412449,8.21
1759962412928,8.21
1759962413495,8.26
1759962413998,8.77
1759962414541,9.49
1759962415044,8.82
1759962415584,8.69
1759962416082,8.27
1759962416631,8.44
1759962417120,8.85
1759962417704,9.05
1759962418165,9.35
1759962418748,9.12
1759962419233,8.94
1759962419794,9.68
1759962420302,9.48
1759962420863,9.18
1759962421933,8.76
1759962422977,9.58
1759962424046,9.45
1759962425091,9.07
1759962426137,8.49
1759962427183,8.54
1759962428228,8.70
1759962429274,8.63
1759962430319,8.65
1759962431364,8.76
1759962432408,8.50
1759962433464,8.72
1759962434510,8.56
1759962435581,8.68
1759962436627,8.48
1759962437669,8.53
1759962438721,15.11
1759962439800,13.62
1759962440845,11.48
1759962441915,11.02
1759962442981,8.46
1759962444023,11.70
1759962445073,14.12
1759962446147,11.63
1759962447194,8.96
1759962448239,10.01
1759962449282,11.01
1759962450353,9.93
1759962451398,9.70
1759962452444,8.77
1759962453492,12.25
1759962454563,10.76
1759962455608,8.98
1759962456654,8.65
1759962457699,8.60
1759962458745,8.95
1759962459816,8.38
1759962460863,8.63
1759962461908,8.47
1759962462952,8.51
1759962463998,11.93
1759962465044,8.61
1759962466090,10.96
1759962467166,10.29
1759962468212,8.57
1759962469256,11.89
1759962470327,10.03
1759962471392,9.61
1759962472443,11.66
1759962473489,8.81
1759962474534,8.66
1759962475579,8.83
1759962476624,8.71
1759962477668,8.63
1759962478715,8.61
1759962479760,8.73
1759962480831,8.53
1759962481879,8.49
1759962482926,8.64
1759962483971,8.44
1759962485016,8.82
1759962486062,8.74
1759962487107,8.57
1759962488151,8.62
1759962489196,8.61
1759962490241,8.54
1759962491286,8.60
1759962492331,8.65
1759962493376,8.48
1759962494432,8.52
1759962495477,8.70
1759962496522,8.52
1759962497568,8.48
1759962498617,8.57
1759962499662,8.59
1759962500708,8.56
1759962501751,8.57
1759962502797,8.56
1759962503842,8.71
1759962504887,8.60
1759962505932,8.48
1759962506977,8.78
1759962508023,8.49
1759962509067,8.57
1759962510112,8.61
1759962511157,8.04
1759962512200,8.01
1759962513243,7.97
1759962514286,8.30
1759962515330,8.37
1759962516378,8.02
1759962517427,8.03
1759962518474,8.05
1759962519522,8.03
1759962520569,8.03
1759962521615,8.33
1759962522660,8.43
1759962523712,7.93
1759962524759,7.92
1759962525808,7.95
1759962526854,7.97
1759962527901,8.01
1759962528949,8.48
1759962529995,8.02
1759962531040,12.94
1759962532089,13.48
1759962533136,13.08
1759962534190,12.25
1759962535234,11.59
1759962536289,10.02
1759962537338,9.65
1759962538383,9.28
1759962539430,8.92
1759962540478,8.64
1759962541520,9.07
1759962542561,7.57
1759962543601,7.43
1759962544647,6.89
1759962545689,6.90
1759962546730,6.91
1759962547767,6.90
1759962548809,6.92
1759962549856,7.09
1759962550901,7.20
1759962551949,7.01
1759962552996,6.97
1759962554043,6.95
1759962555090,6.95
1759962556136,6.98
1759962557184,7.09
1759962558229,7.34
1759962559268,6.91
1759962560308,6.89
1759962561347,6.88
1759962562388,6.87
1759962563427,6.88
1759962564466,7.09
1759962565506,7.32
1759962566553,6.97
1759962567600,6.96
1759962568647,6.96
1759962569693,6.97
1759962570740,6.95
1759962571786,7.13
1759962572832,7.45
1759962573871,6.89
1759962574911,6.87
1759962575951,6.90
1759962576990,6.87
1759962578029,6.86
1759962579069,7.37
1759962580109,6.91
1759962581155,6.90
1759962582202,6.95
1759962583249,6.97
1759962584296,6.95
1759962585343,7.04
1759962586388,7.41
1759962587427,6.92
1759962588466,6.90
1759962589505,6.90
1759962590546,6.89
1759962591584,6.90
1759962592649,6.98
1759962593689,7.41
1759962594736,7.06
1759962595782,7.00
1759962596829,6.98
1759962597876,6.97
1759962598923,6.96
1759962599968,7.10
1759962601009,7.47
1759962602056,7.06
1759962603105,7.00
1759962604153,6.98
1759962605198,6.97
1759962606241,6.96
1759962607285,7.17
1759962608355,7.28
1759962609402,6.98
1759962610449,6.94
1759962611496,6.94
1759962612543,6.94
1759962613590,6.92
1759962614637,7.08
1759962615682,7.38
1759962616729,6.94
1759962617776,6.94
1759962618823,6.95
1759962619870,6.96
1759962620916,6.94
1759962621962,7.12
1759962623008,7.41
1759962624055,6.88
1759962625104,6.88
1759962626150,6.92
1759962627197,10.63
1759962628239,8.42
1759962629283,10.32
1759962630327,9.48
1759962631364,10.71
1759962632407,10.20
1759962633453,8.65
1759962634500,8.65
1759962635545,10.97
1759962636615,10.24
1759962637690,10.97
1759962638738,8.69
1759962639784,8.64
1759962640829,8.60
1759962641878,8.65
1759962642924,8.66
1759962643970,8.72
1759962645016,8.70
1759962646061,8.62
1759962647106,8.65
1759962648151,8.68
1759962649196,8.53
1759962650239,8.63
1759962651282,8.69
1759962652355,8.62
1759962653403,8.02
1759962654451,7.98
1759962655498,7.99
1759962656542,8.01
1759962657585,8.13
1759962658631,8.23
1759962659671,7.89
1759962660710,8.14
1759962661756,8.24
1759962662802,7.98
1759962663846,7.93
1759962664892,8.18
1759962665939,8.64
1759962666982,8.60
1759962668038,8.68
1759962669082,8.52
1759962670130,7.97
1759962671176,8.54
1759962672222,8.94
1759962673274,8.80
1759962674321,8.72
1759962675368,7.87
1759962676415,8.19
1759962677460,8.73
1759962678507,8.12
1759962679552,8.22
1759962680600,8.00
1759962681648,9.01
1759962682691,11.12
1759962683758,13.14
1759962684823,15.40
1759962685874,16.53
1759962686934,13.37
1759962688011,10.51
1759962689080,12.37
1759962690143,15.46
1759962691234,9.98
1759962692274,10.17
1759962693321,9.02
1759962694365,14.02
1759962695411,11.68
1759962696480,10.12
1759962697525,8.66
1759962698593,15.74
1759962699666,11.82
1759962700713,11.08
1759962701786,16.38
1759962702857,9.02
1759962703904,13.40
1759962704985,10.60
1759962706051,14.47
1759962707129,10.35
1759962708174,10.23
1759962709242,11.44
1759962710314,12.79
1759962711386,11.24
1759962712434,8.86
1759962713476,8.94
1759962714522,9.22
1759962715588,11.06
1759962716643,15.77
1759962717715,12.40
1759962718789,14.66
1759962719856,9.81
1759962720901,10.05
1759962721978,9.62
1759962723049,10.20
1759962724117,9.48
1759962725156,10.36
1759962726211,9.16
1759962727280,9.43
1759962728348,9.22
1759962729392,9.85
1759962730458,11.02
1759962731513,11.75
1759962732595,17.06
1759962733679,15.02
1759962734756,13.97
1759962735819,16.02
1759962736871,16.60
1759962737922,12.44
1759962738991,10.20
1759962740063,10.61
1759962741109,11.00
1759962742154,10.71
1759962743205,9.33
1759962744256,11.04
1759962745329,12.40
1759962746395,12.04
1759962747474,14.00
1759962748546,9.20
1759962749591,9.22
1759962750643,13.10
1759962751690,17.38
1759962752774,42.69
1759962753842,32.49
1759962754881,12.42
1759962755924,9.80
1759962756969,9.53
1759962758041,9.57
1759962759087,9.17
1759962760165,9.24
1759962761210,9.39
1759962762254,10.30
1759962763300,14.58
1759962764353,10.31
1759962765398,9.67
1759962766442,9.40
1759962767488,9.53
1759962768565,9.41
1759962769636,9.35
1759962770709,9.39
1759962771755,9.09
1759962772801,9.57
1759962773846,9.16
1759962774898,11.46
1759962775967,16.14
1759962777041,15.44
1759962778132,13.99
1759962779200,10.23
1759962780245,8.73
1759962781319,9.12
1759962782392,9.65
1759962783435,9.01
1759962784482,14.89
1759962785552,11.13
1759962786590,9.53
1759962787632,11.16
1759962788701,8.64
1759962789743,8.48
1759962790785,10.63
1759962791856,13.46
1759962792898,15.68
1759962793973,16.32
1759962795020,16.42
1759962796071,16.43
1759962797148,16.39
1759962798200,16.02
1759962799274,15.83
1759962800351,15.82
1759962801427,15.87
1759962802498,15.85
1759962803575,16.32
1759962804677,16.34
1759962805767,16.29
1759962806868,16.33
1759962807964,16.30
1759962809049,14.43
1759962810092,11.85
1759962811168,15.88
1759962812246,15.78
1759962813324,15.80
1759962814397,15.89
1759962815477,15.84
1759962816551,15.81
1759962817627,15.75
1759962818704,15.23
1759962819776,10.95
1759962820826,15.15
1759962821908,16.38
1759962823009,16.37
1759962824108,16.30
1759962825210,16.29
1759962826306,15.51
1759962827369,10.68
1759962828418,16.43
1759962829507,16.33
1759962830608,15.50
1759962831666,11.11
1759962832708,15.24
1759962833799,16.38
1759962834896,16.46
1759962835985,16.43
1759962837087,16.37
1759962838177,16.41
1759962839279,16.40
1759962840369,15.97
1759962841442,15.05
1759962842513,15.18
1759962843589,15.24
1759962844665,15.32
1759962845740,15.77
1759962846839,16.43
1759962847937,16.42
1759962849034,16.46
1759962850120,16.10
1759962851226,17.05
1759962852317,16.91
1759962853413,16.83
1759962854465,16.71
1759962855550,15.98
1759962856628,14.75
1759962857713,15.81
1759962858815,16.14
1759962859887,14.88
1759962860938,11.48
1759962862009,8.60
1759962863049,7.86
1759962864088,7.65
1759962865127,8.54
1759962866167,7.91
1759962867208,8.29
1759962868251,8.66
1759962869320,8.93
1759962870361,8.20
1759962871401,7.97
1759962872446,8.27
1759962873489,7.96
1759962874528,8.35
1759962875569,8.36
1759962876609,8.32
1759962877650,8.82
1759962878694,8.35
1759962879735,8.01
1759962880777,8.48
1759962881818,8.28
1759962882859,8.48
1759962883899,8.51
1759962884941,8.44
1759962885983,8.94
1759962887026,8.20
1759962888070,8.34
1759962889113,8.33
1759962890153,8.33
1759962891193,8.29
1759962892234,8.34
1759962893277,8.36
1759962894323,8.54
1759962895368,8.33
1759962896413,7.98
1759962897459,7.66
1759962898502,7.81
1759962899551,8.87
1759962900597,7.53
1759962901646,7.65
1759962902691,7.52
1759962903731,7.02
1759962904771,7.01
1759962905812,7.02
1759962906859,7.03
1759962907904,7.04
1759962908949,7.33
1759962909992,7.03
1759962911035,7.01
1759962912105,7.00
1759962913152,6.97
1759962914200,6.98
1759962915271,7.13
1759962916317,7.47
1759962917363,7.01
1759962918408,7.01
1759962919456,7.20
1759962920523,7.57
1759962921590,7.04
1759962922632,7.14
1759962923678,7.54
1759962924719,7.03
1759962925766,6.97
1759962926812,6.96
1759962927885,6.98
1759962928931,6.97
1759962929976,7.11
1759962931018,7.44
1759962932064,6.99
1759962933111,6.96
1759962934157,6.97
1759962935204,6.99
1759962936246,7.00
1759962937287,7.18
1759962938332,7.48
1759962939380,7.01
1759962940423,6.97
1759962941467,6.90
1759962942511,6.90
1759962943583,6.96
1759962944654,7.43
1759962945699,6.98
1759962946745,6.98
1759962947792,7.10
1759962948864,7.28
1759962949908,7.00
1759962950949,7.03
1759962951994,7.36
1759962953037,6.99
1759962954079,6.99
1759962955148,6.97
1759962956195,6.99
1759962957241,7.01
1759962958289,7.13
1759962959360,7.45
1759962960404,7.22
1759962961449,7.35
1759962962495,7.09
1759962963542,7.04
1759962964589,7.02
1759962965636,7.16
1759962966681,7.49
1759962967727,7.05
1759962968774,7.03
1759962969823,7.03
1759962970866,7.02
1759962971916,7.01
1759962972963,7.10
1759962974004,7.41
1759962975041,6.98
1759962976106,6.93
1759962977142,6.92
1759962978184,6.91
1759962979224,6.90
1759962980260,7.11
1759962981294,7.43
1759962982340,7.07
1759962983384,7.02
1759962984425,6.96
1759962985471,6.90
1759962986543,7.00
1759962987590,7.48
1759962988661,6.85
1759962989707,6.92
1759962990754,7.00
1759962991801,6.97
1759962992847,6.95
1759962993894,7.12
1759962994966,7.43
1759962996039,6.94
1759962997085,6.96
1759962998158,6.98
1759962999204,6.97
1759963000250,6.96
1759963001297,7.09
1759963002367,7.39
1759963003405,6.92
1759963004443,6.89
1759963005482,6.89
1759963006522,6.89
1759963007561,6.88
1759963008624,7.07
1759963009663,7.31
1759963010709,7.04
1759963011777,6.99
1759963012822,6.97
1759963013868,6.97
1759963014915,6.96
1759963015985,7.09
1759963017030,7.39
1759963018096,6.93
1759963019136,6.91
1759963020175,6.94
1759963021223,7.26
1759963022269,6.99
1759963023317,7.26
1759963024362,7.31
1759963025408,6.97
1759963026455,6.93
1759963027502,6.87
1759963028573,6.85
1759963029619,6.93
1759963030665,7.44
1759963031710,6.95
1759963032746,6.88
1759963033784,6.84
1759963034824,6.85
1759963035863,6.86
1759963036902,6.89
1759963037938,12.44
1759963038980,10.41
1759963040050,15.46
1759963041097,13.45
1759963042145,12.06
1759963043190,11.63
1759963044232,11.99
1759963045282,10.64
1759963046322,12.12
1759963047394,10.39
1759963048466,9.84
1759963049539,9.98
1759963050603,8.59
1759963051649,8.42
1759963052695,8.40
1759963053741,8.36
1759963054785,13.12
1759963055862,9.98
1759963056938,11.86
1759963058007,10.06
1759963059053,9.06
1759963060131,13.86
1759963061206,13.83
1759963062261,10.49
1759963063330,8.29
1759963064384,12.24
1759963065453,9.70
1759963066503,9.09
1759963067556,10.22
1759963068631,32.49
1759963069685,41.91
1759963070742,22.61
1759963071806,11.69
1759963072842,8.94
1759963073887,8.92
1759963074934,8.50
1759963075981,9.64
1759963077026,8.70
1759963078094,12.01
1759963079139,13.37
1759963080187,9.72
1759963081233,12.32
1759963082307,9.80
1759963083372,9.40
1759963084427,10.59
1759963085498,9.34
1759963086566,9.40
1759963087634,12.96
1759963088702,16.36
1759963089776,10.44
1759963090833,17.28
1759963091899,15.12
1759963092954,11.46
1759963094002,13.85
1759963095064,16.70
1759963096148,12.23
1759963097217,11.51
1759963098282,10.30
1759963099353,9.19
1759963100398,9.13
1759963101474,9.77
1759963102545,9.21
1759963103622,10.01
1759963104694,9.20
1759963105770,9.61
1759963106837,10.19
1759963107892,9.02
1759963108936,9.36
1759963109980,11.32
1759963111048,10.09
1759963112094,11.29
1759963113164,10.22
1759963114224,10.16
1759963115291,13.65
1759963116353,16.64
1759963117431,12.78
1759963118479,11.56
1759963119554,12.96
1759963120598,8.74
1759963121650,12.49
1759963122716,10.47
1759963123762,8.48
1759963124808,10.64
1759963125881,12.11
1759963126955,11.53
1759963127997,8.59
1759963129039,10.08
1759963130116,13.59
1759963131185,10.42
1759963132228,10.55
1759963133270,13.69
1759963134325,9.54
1759963135369,8.78
1759963136437,9.09
1759963137497,8.86
1759963138542,13.98
1759963139613,11.34
1759963140659,10.58
1759963141723,11.17
1759963142804,9.84
1759963143850,8.91
1759963144892,8.84
1759963145942,9.87
1759963146987,8.56
1759963148034,8.03
1759963149078,8.46
1759963150131,12.43
1759963151202,9.65
1759963152277,12.03
1759963153319,11.61
1759963154376,9.15
1759963155417,10.63
1759963156480,11.58
1759963157550,9.17
1759963158623,11.95
1759963159695,24.78
1759963160739,41.87
1759963161793,25.94
1759963162832,11.54
1759963163879,9.60
1759963164932,9.24
1759963165978,9.98
1759963167025,8.70
1759963168071,8.65
1759963169115,8.68
1759963170160,12.67
1759963171238,10.56
1759963172277,12.08
1759963173351,14.33
1759963174418,10.70
1759963175489,10.22
1759963176534,10.94
1759963177605,8.42
1759963178651,8.10
1759963179699,8.54
1759963180744,8.40
1759963181812,8.48
1759963182859,10.69
1759963183902,10.14
1759963184948,11.42
1759963186021,23.15
1759963187100,42.77
1759963188159,23.91
1759963189227,13.00
1759963190272,10.12
1759963191351,10.42
1759963192394,9.80
1759963193464,9.06
1759963194536,8.75
1759963195606,8.97
1759963196651,9.80
1759963197720,10.18
1759963198767,13.00
1759963199849,17.15
1759963200894,16.90
1759963201935,17.52
1759963203000,12.93
1759963204044,9.58
1759963205085,11.16
1759963206156,8.71
1759963207201,9.17
1759963208251,8.60
1759963209296,8.32
1759963210340,8.58
1759963211409,8.55
1759963212481,8.17
1759963213552,8.43
1759963214599,8.14
1759963215643,8.07
1759963216685,8.32
1759963217732,8.43
1759963218781,8.20
1759963219826,8.29
1759963220895,8.15
1759963221941,8.42
1759963222987,8.12
1759963224031,8.13
1759963225070,8.21
1759963226139,8.17
1759963227184,8.44
1759963228228,8.59
1759963229294,8.94
1759963230338,11.23
1759963231384,8.63
1759963232430,8.72
1759963233497,8.92
1759963234542,8.79
1759963235614,8.34
1759963236684,9.00
1759963237736,10.01
1759963238792,14.67
1759963239867,12.59
1759963240944,12.50
1759963242016,12.06
1759963243060,11.46
1759963244124,11.95
1759963245170,15.36
1759963246237,15.49
1759963247280,11.62
1759963248352,14.33
1759963249455,16.40
1759963250558,14.29
1759963251622,13.20
1759963252674,9.89
1759963253747,11.49
1759963254814,9.26
1759963255854,9.31
1759963256896,9.26
1759963257945,9.15
1759963258983,10.48
1759963260033,16.64
1759963261113,16.54
1759963262190,16.66
1759963263267,16.68
1759963264320,16.03
1759963265393,15.48
1759963266459,16.60
1759963267543,16.58
1759963268642,16.33
1759963269717,15.74
1759963270792,13.74
1759963271839,11.56
1759963272913,16.71
1759963273964,16.09
1759963275018,16.63
1759963276097,16.64
1759963277184,16.59
1759963278265,10.88
1759963279306,11.60
1759963280386,16.43
1759963281468,16.65
1759963282548,11.91
1759963283585,8.79
1759963284622,8.76
1759963285660,10.98
1759963286698,9.56
1759963287736,10.12
1759963288775,9.69
1759963289813,10.09
1759963290855,10.61
1759963291918,10.50
1759963292956,9.79
1759963293997,9.80
1759963295041,8.97
1759963296082,9.05
1759963297153,11.35
1759963298228,12.40
1759963299296,11.01
1759963300338,10.48
1759963301408,10.11
1759963302454,9.66
1759963303520,9.02
1759963304565,8.10
1759963305608,10.94
1759963306675,9.75
1759963307721,9.91
1759963308767,8.89
1759963309814,8.56
1759963310859,10.71
1759963311938,18.33
1759963312995,14.19
1759963314032,9.04
1759963315078,9.23
1759963316122,8.89
1759963317170,11.31
1759963318236,17.42
1759963319314,10.06
1759963320363,9.22
1759963321431,31.16
1759963322468,42.77
1759963323526,21.48
1759963324564,17.48
1759963325606,16.16
1759963326664,16.88
1759963327743,15.79
1759963328798,17.66
1759963329867,14.13
1759963330936,10.70
1759963332005,11.31
1759963333051,10.38
1759963334098,10.68
1759963335143,8.86
1759963336189,11.27
1759963337257,13.00
1759963338321,15.65
1759963339362,14.15
1759963340413,10.10
1759963341451,8.92
1759963342492,9.20
1759963343537,8.56
1759963344583,8.81
1759963345628,8.82
1759963346673,8.65
1759963347719,8.78
1759963348765,8.86
1759963349811,8.79
1759963350856,8.55
1759963351901,8.69
1759963352946,8.81
1759963353993,8.68
1759963355064,11.38
1759963356139,10.87
1759963357208,12.33
1759963358283,10.88
1759963359331,12.00
1759963360397,15.21
1759963361439,10.16
1759963362513,11.65
1759963363580,11.62
1759963364617,11.22
1759963365658,9.90
1759963366700,10.92
1759963367747,16.64
1759963368797,16.74
1759963369851,16.05
1759963370923,16.50
1759963371994,16.57
1759963373067,16.56
1759963374119,14.41
1759963375199,15.52
1759963376276,15.69
1759963377346,16.50
1759963378400,15.86
1759963379446,12.96
1759963380484,11.60
1759963381530,15.88
1759963382605,16.50
1759963383674,15.73
1759963384747,15.68
1759963385820,14.32
1759963386899,13.45
1759963387980,10.15
1759963389020,14.90
1759963390099,16.72
1759963391153,16.28
1759963392231,16.61
1759963393308,15.14
1759963394345,10.13
1759963395385,13.60
1759963396460,16.65
1759963397542,16.59
1759963398625,16.62
1759963399706,16.60
1759963400786,16.59
1759963401866,16.58
1759963402943,15.43
1759963403984,10.16
1759963405059,15.92
1759963406136,16.68
1759963407218,16.63
1759963408299,16.60
1759963409376,16.55
1759963410466,16.54
1759963411546,16.60
1759963412622,16.63
1759963413703,16.60
1759963414785,16.61
1759963415862,16.66
1759963416944,16.64
1759963418025,16.57
1759963419105,16.66
1759963420186,16.61
1759963421263,16.67
1759963422336,16.69
1759963423418,16.67
1759963424503,16.47
1759963425580,15.75
1759963426653,14.64
1759963427739,15.10
1759963428823,13.38
1759963429902,13.70
1759963430983,13.69
1759963432066,13.41
1759963433117,12.89
1759963434164,13.05
1759963435242,12.42
1759963436283,7.73
1759963437326,7.64
1759963438364,7.94
1759963439406,9.39
1759963440447,7.99
1759963441486,8.91
1759963442527,8.26
1759963443567,8.67
1759963444609,8.62
1759963445650,8.35
1759963446692,8.47
1759963447734,8.52
1759963448777,8.40
1759963449818,9.10
1759963450860,8.43
1759963451902,8.58
1759963452946,8.42
1759963453986,8.33
1759963455029,8.08
1759963456070,8.44
1759963457112,8.27
1759963458162,8.51
1759963459217,8.45
1759963460259,8.68
1759963461303,8.17
1759963462351,9.08
1759963463396,8.36
1759963464436,8.76
1759963465479,8.38
1759963466521,8.48
1759963467560,8.57
1759963468605,7.88
1759963469648,7.74
1759963470690,7.36
1759963471740,8.69
1759963472788,7.32
1759963473835,7.55
1759963474884,7.62
1759963475929,7.58
1759963476976,7.10
1759963478022,7.07
1759963479068,7.01
1759963480115,6.96
1759963481161,7.04
1759963482207,7.57
1759963483252,7.65
1759963484299,6.98
1759963485345,7.00
1759963486392,7.08
1759963487439,7.08
1759963488486,10.01
1759963489532,10.01
1759963490579,9.32
1759963491627,8.47
1759963492695,10.71
1759963493748,12.69
1759963494816,9.68
1759963495870,11.23
1759963496916,9.46
1759963497988,11.21
1759963499062,11.23
1759963500108,8.89
1759963501153,11.62
1759963502227,10.62
1759963503302,11.12
1759963504376,10.99
1759963505423,12.23
1759963506474,12.17
1759963507553,9.72
1759963508626,9.48
1759963509694,8.76
1759963510766,10.22
1759963511831,15.44
1759963512902,8.77
1759963513948,9.90
1759963515026,14.07
1759963516095,25.71
1759963517125,42.74
1759963518177,22.67
1759963519216,11.08
1759963520261,15.56
1759963521336,15.26
1759963522415,12.35
1759963523468,9.08
1759963524512,11.89
1759963525588,10.79
1759963526655,21.97
1759963527735,43.43
1759963528794,29.77
1759963529858,19.14
1759963530924,12.05
1759963531988,14.76
1759963533046,15.35
1759963534120,17.63
1759963535158,12.52
1759963536224,10.86
1759963537288,11.66
1759963538336,16.91
1759963539385,17.09
1759963540482,16.20
1759963541540,17.79
1759963542615,11.09
1759963543682,9.43
1759963544748,8.79
1759963545793,11.03
1759963546862,11.70
1759963547934,9.37
1759963549008,15.56
1759963550103,13.53
1759963551154,18.35
1759963552222,17.62
1759963553304,10.47
1759963554370,16.17
1759963555470,16.32
1759963556535,13.15
1759963557607,17.06
1759963558695,12.48
1759963559764,11.98
1759963560826,11.61
1759963561872,9.71
1759963562920,13.30
1759963564018,15.93
1759963565088,11.88
1759963566161,8.89
1759963567204,8.67
1759963568246,10.14
1759963569314,12.52
1759963570385,9.53
1759963571461,10.50
1759963572503,8.69
1759963573545,8.21
1759963574589,10.42
1759963575657,11.76
1759963576730,10.09
1759963577783,13.00
1759963578858,11.26
1759963579904,9.41
1759963580950,8.22
1759963581992,9.35
1759963583061,8.99
1759963584137,13.78
1759963585194,9.36
1759963586238,9.98
1759963587283,11.22
1759963588356,9.86
1759963589421,9.38
1759963590464,10.28
1759963591532,8.69
1759963592601,8.71
1759963593644,12.31
1759963594699,10.84
1759963595832,40.53
1759963596875,42.65
1759963597922,17.37
1759963598996,17.08
1759963600063,9.40
1759963601140,14.82
1759963602217,10.53
1759963603260,9.11
1759963604305,8.92
1759963605351,9.34
1759963606422,12.80
1759963607501,13.68
1759963608573,13.06
1759963609639,14.57
1759963610709,9.51
1759963611756,9.17
1759963612801,8.82
1759963613846,8.87
1759963614890,8.58
1759963615935,9.37
1759963616981,10.08
1759963618027,8.67
1759963619072,8.73
1759963620120,11.44
1759963621189,15.39
1759963622256,16.98
1759963623326,14.28
1759963624393,10.59
1759963625465,9.90
1759963626533,15.09
1759963627600,12.62
1759963628655,17.23
1759963629730,15.27
1759963630807,11.80
1759963631867,17.21
1759963632936,15.75
1759963634006,13.61
1759963635079,14.30
1759963636136,36.01
1759963637167,43.53
1759963638198,29.63
1759963639230,11.91
1759963640261,11.03
1759963641299,9.07
1759963642342,9.06
1759963643380,9.17
1759963644418,9.20
1759963645456,9.18
1759963646493,9.09
1759963647531,9.09
1759963648570,9.38
1759963649610,9.42
1759963650650,9.20
1759963651689,8.96
1759963652729,9.73
1759963653772,9.55
1759963654810,9.01
1759963655848,9.01
1759963656886,8.92
1759963657925,9.13
1759963658963,9.05
1759963660001,9.08
1759963661040,9.52
1759963662079,9.28
1759963663119,9.19
1759963664156,9.17
1759963665194,9.26
1759963666232,9.29
1759963667271,9.14
1759963668308,11.17
1759963669370,17.16
1759963670421,10.48
1759963671471,14.40
1759963672519,11.51
1759963673556,9.75
1759963674605,12.47
1759963675642,12.42
1759963676683,9.04
1759963677721,10.40
1759963678772,11.69
1759963679812,11.96
1759963680853,13.44
1759963681906,10.42
1759963682944,12.84
1759963683984,13.33
1759963685022,16.27
1759963686058,14.33
1759963687107,17.65
1759963688157,14.99
1759963689199,11.47
1759963690239,10.39
1759963691286,10.25
1759963692324,10.07
1759963693361,11.47
1759963694399,11.19
1759963695451,15.93
1759963696493,14.80
1759963697566,16.16
1759963698606,11.15
1759963699658,12.38
1759963700696,10.85
1759963701742,9.88
1759963702783,10.57
1759963703821,9.70
1759963704860,9.96
1759963705897,10.42
1759963706936,11.20
1759963707978,11.93
1759963709017,10.59
1759963710055,12.00
1759963711094,10.43
1759963712133,11.17
1759963713174,10.43
1759963714214,10.19
1759963715254,8.83
1759963716291,10.98
1759963717345,10.32
1759963718382,10.14
1759963719421,16.46
1759963720466,12.38
1759963721521,16.33
1759963722555,12.48
1759963723593,10.99
1759963724651,11.61
1759963725690,9.67
1759963726736,9.80
1759963727774,10.25
1759963728813,8.91
1759963729855,9.27
1759963730893,9.14
1759963731931,9.15
1759963732969,9.22
1759963734006,9.64
1759963735050,9.60
1759963736089,9.20
1759963737126,9.01
1759963738164,9.23
1759963739203,9.14
1759963740241,9.06
1759963741278,9.05
1759963742315,9.20
1759963743364,10.06
1759963744404,9.33
1759963745442,9.10
1759963746480,9.28
1759963747517,9.11
1759963748558,9.26
1759963749595,9.05
1759963750633,8.98
1759963751671,9.95
1759963752711,9.74
1759963753749,9.13
1759963754787,9.43
1759963755825,9.27
1759963756863,9.09
1759963757901,9.07
1759963758940,9.05
1759963759978,9.52
1759963761018,9.45
1759963762056,9.33
1759963763094,9.15
1759963764133,9.09
1759963765171,9.09
1759963766209,9.23
1759963767247,9.22
1759963768286,9.52
1759963769327,10.02
1759963770368,9.72
1759963771407,9.26
1759963772445,8.89
1759963773483,9.37
1759963774522,9.27
1759963775559,9.01
1759963776597,9.08
1759963777635,9.84
1759963778675,9.71
1759963779715,9.08
1759963780753,9.16
1759963781799,9.12
1759963782837,9.20
1759963783875,9.22
1759963784912,9.05
1759963785950,9.14
1759963786996,9.46
1759963788036,9.45
1759963789073,14.18
1759963790114,13.35
1759963791154,13.13
1759963792196,12.20
1759963793233,11.78
1759963794271,11.09
1759963795316,11.24
1759963796360,10.64
1759963797398,9.76
1759963798438,9.34
1759963799483,8.84
1759963800520,7.86
1759963801562,7.87
1759963802602,7.70
1759963803642,7.78
1759963804680,7.72
1759963805717,7.80
1759963806756,7.31
1759963807795,7.07
1759963808834,7.09
1759963809873,7.13
1759963810914,7.14
1759963811953,7.74
1759963812993,7.17
1759963814034,7.10
1759963815073,7.18
1759963816111,7.16
1759963817149,7.15
1759963818188,7.26
1759963819225,7.67
1759963820263,7.22
1759963821303,7.17
1759963822344,7.19
1759963823383,7.18
1759963824422,7.18
1759963825461,7.30
1759963826499,7.64
1759963827537,7.25
1759963828576,7.21
1759963829615,7.20
1759963830658,7.20
1759963831697,7.17
1759963832737,7.22
1759963833775,7.62
1759963834815,7.20
1759963835854,7.16
1759963836892,7.16
1759963837932,7.16
1759963838972,7.14
1759963840013,7.27
1759963841051,7.66
1759963842089,7.15
1759963843129,7.12
1759963844168,7.15
1759963845206,7.14
1759963846245,7.12
1759963847287,7.24
1759963848327,7.63
1759963849367,7.24
1759963850407,7.19
1759963851446,7.16
1759963852484,7.12
1759963853523,7.13
1759963854562,7.30
1759963855601,7.61
1759963856642,7.17
1759963857681,7.18
1759963858719,7.14
1759963859759,7.13
1759963860798,7.34
1759963861835,11.28
1759963862872,8.88
1759963863910,8.83
1759963864949,8.90
1759963865989,10.32
1759963867030,9.70
1759963868076,11.64
1759963869113,9.99
1759963870154,9.24
1759963871193,9.05
1759963872232,9.10
1759963873272,9.21
1759963874313,9.18
1759963875351,8.85
1759963876390,9.27
1759963877428,9.08
1759963878468,9.03
1759963879506,8.98
1759963880545,9.06
1759963881586,9.47
1759963882627,9.63
1759963883674,9.08
1759963884712,9.21
1759963885751,9.20
1759963886790,9.28
1759963887828,9.10
1759963888866,9.18
1759963889905,9.22
1759963890944,9.49
1759963891985,9.18
1759963893028,9.22
1759963894066,9.16
1759963895104,9.11
1759963896142,9.07
1759963897179,9.12
1759963898219,9.27
1759963899262,9.61
1759963900302,9.69
1759963901340,9.09
1759963902378,9.23
1759963903417,9.03
1759963904462,9.00
1759963905501,9.08
1759963906539,9.08
1759963907578,9.37
1759963908619,9.59
1759963909661,9.18
1759963910700,9.12
1759963911738,9.18
1759963912776,9.16
1759963913813,9.23
1759963914851,9.09
1759963915891,9.29
1759963916930,9.52
1759963917970,9.13
1759963919008,9.09
1759963920045,9.41
1759963921084,9.41
1759963922121,9.16
1759963923159,8.87
1759963924199,9.12
1759963925239,9.64
1759963926279,9.58
1759963927318,9.13
1759963928356,9.16
1759963929398,9.18
1759963930436,9.00
1759963931477,8.82
1759963932516,9.07
1759963933553,9.68
1759963934593,9.34
1759963935632,9.18
1759963936669,9.13
1759963937707,11.72
1759963938757,15.36
1759963939801,14.50
1759963940846,13.67
1759963941888,13.24
1759963942933,12.72
1759963943975,11.72
1759963945018,10.83
1759963946058,10.05
1759963947095,9.57
1759963948133,9.84
1759963949169,7.76
1759963950210,7.92
1759963951252,7.80
1759963952292,7.78
1759963953328,7.17
1759963954360,7.11
1759963955392,7.37
1759963956431,7.19
1759963957470,7.15
1759963958509,7.13
1759963959552,7.14
1759963960592,7.13
1759963961630,7.23
1759963962668,7.67
1759963963706,7.15
1759963964744,7.13
1759963965782,7.13
1759963966821,7.13
1759963967864,7.14
1759963968904,7.19
1759963969941,7.61
1759963970980,7.18
1759963972018,7.14
1759963973056,7.12
1759963974095,7.13
1759963975133,7.15
1759963976172,7.29
1759963977211,7.60
1759963978242,7.10
1759963979273,7.04
1759963980305,7.21
1759963981342,7.67
1759963982380,7.19
1759963983419,7.29
1759963984457,7.65
1759963985498,7.15
1759963986537,7.13
1759963987576,9.32
1759963988622,10.23
1759963989662,8.94
1759963990700,9.59
1759963991737,10.48
1759963992787,12.60
1759963993827,9.38
1759963994867,9.39
1759963995905,9.27
1759963996944,8.97
1759963997982,9.03
1759963999023,9.12
1759964000060,9.08
1759964001098,8.85
1759964002138,9.11
1759964003181,9.46
1759964004221,9.59
1759964005275,15.57
1759964006326,16.89
1759964007361,13.80
1759964008400,14.21
1759964009451,13.96
1759964010496,13.40
1759964011549,13.39
1759964012606,12.32
1759964013657,13.21
1759964014700,11.55
1759964015740,14.21
1759964016780,13.89
1759964017829,13.77
1759964018874,12.29
1759964019926,13.58
1759964020969,13.02
1759964022020,13.48
1759964023059,13.85
1759964024108,12.81
1759964025147,11.63
1759964026185,10.69
1759964027229,13.97
1759964028278,12.48
1759964029316,11.66
1759964030356,12.11
1759964031396,9.02
1759964032435,9.15
1759964033473,9.00
1759964034511,8.87
1759964035549,8.95
1759964036587,12.43
1759964037626,10.24
1759964038676,12.78
1759964039717,11.63
1759964040755,12.47
1759964041793,9.19
1759964042831,9.19
1759964043882,12.77
1759964044920,12.39
1759964045959,9.11
1759964046996,15.77
1759964048035,11.79
1759964049072,9.58
1759964050111,9.27
1759964051149,9.25
1759964052189,16.87
1759964053216,43.18
1759964054243,34.43
1759964055275,13.10
1759964056324,12.25
1759964057365,9.66
1759964058403,15.33
1759964059442,16.50
1759964060477,10.93
1759964061513,9.31
1759964062551,9.32
1759964063589,9.17
1759964064628,9.39
1759964065668,9.70
1759964066708,8.99
1759964067747,20.81
1759964068773,42.86
1759964069800,30.92
1759964070841,19.29
1759964071892,11.85
1759964072930,10.81
1759964073971,10.09
1759964075011,11.31
1759964076051,9.29
1759964077090,9.37
1759964078129,9.59
1759964079167,9.11
1759964080205,10.56
1759964081250,10.29
1759964082299,9.50
1759964083337,11.01
1759964084384,17.35
1759964085445,17.41
1759964086494,17.33
1759964087545,17.52
1759964088600,17.02
1759964089639,14.27
1759964090673,10.03
1759964091711,8.93
1759964092750,9.09
1759964093788,8.99
1759964094829,8.94
1759964095866,9.05
1759964096906,9.18
1759964097944,10.71
1759964098993,13.04
1759964100035,16.58
1759964101074,11.79
1759964102112,9.43
1759964103149,8.87
1759964104189,9.20
1759964105229,9.41
1759964106301,8.93
1759964107347,8.94
1759964108391,8.60
1759964109436,9.02
1759964110508,8.87
1759964111577,8.82
1759964112623,9.03
1759964113668,8.74
1759964114738,8.87
1759964115783,8.98
1759964116828,8.95
1759964117874,8.91
1759964118918,8.87
1759964119964,9.02
1759964121009,8.86
1759964122054,8.91
1759964123099,8.81
1759964124145,8.88
1759964125191,9.01
1759964126237,9.02
1759964127307,8.94
1759964128381,8.96
1759964129426,8.94
1759964130494,9.41
1759964131564,9.62
1759964132609,9.05
1759964133652,9.62
1759964134696,9.46
1759964135741,8.65
1759964136786,8.27
1759964137852,8.20
1759964138917,10.26
1759964139988,11.52
1759964141057,8.96
1759964142103,11.63
1759964143172,10.09
1759964144219,9.30
1759964145266,8.92
1759964146313,8.26
1759964147360,8.25
1759964148407,8.58
1759964149451,9.23
1759964150498,8.74
1759964151542,8.54
1759964152592,14.19
1759964153662,13.12
1759964154704,9.92
1759964155756,10.26
1759964156825,10.21
1759964157892,10.64
1759964158963,9.73
1759964160006,9.42
1759964161046,9.84
1759964162120,9.90
1759964163166,9.76
1759964164216,11.88
1759964165292,11.81
1759964166365,12.42
1759964167442,12.21
1759964168511,14.40
1759964169570,11.98
1759964170636,10.23
1759964171686,11.47
1759964172753,10.34
1759964173822,9.02
1759964174865,9.00
1759964175905,9.12
1759964176960,10.68
1759964178032,10.31
1759964179086,12.87
1759964180167,11.31
1759964181242,9.70
1759964182315,11.84
1759964183386,10.37
1759964184433,11.24
1759964185506,9.81
1759964186548,13.38
1759964187623,13.77
1759964188689,12.85
1759964189759,13.87
1759964190808,12.59
1759964191849,13.58
1759964192925,14.19
1759964193995,9.12
1759964195067,9.34
1759964196110,10.49
1759964197160,12.13
1759964198232,11.25
1759964199277,11.77
1759964200323,11.27
1759964201391,11.75
1759964202465,9.47
1759964203511,11.45
1759964204580,10.77
1759964205640,11.42
1759964206703,10.33
1759964207743,10.10
1759964208808,10.94
1759964209887,9.94
1759964210933,12.39
1759964212003,11.53
1759964213047,11.05
1759964214116,14.70
1759964215179,12.74
1759964216254,13.23
1759964217301,11.12
1759964218353,10.90
1759964219419,9.43
1759964220456,12.37
1759964221506,16.47
1759964222579,17.00
1759964223633,16.92
1759964224705,16.98
1759964225754,16.86
1759964226828,16.79
1759964227905,16.56
1759964228977,16.78
1759964230023,17.04
1759964231074,16.61
1759964232156,16.65
1759964233230,16.30
1759964234302,16.40
1759964235354,16.46
1759964236436,16.58
1759964237509,17.00
1759964238599,16.93
1759964239688,15.65
1759964240728,11.00
1759964241770,14.61
1759964242861,16.93
1759964243964,16.94
1759964245064,16.92
1759964246157,13.62
1759964247196,10.32
1759964248244,16.06
1759964249319,16.92
1759964250408,10.69
1759964251452,15.34
1759964252541,16.90
1759964253641,16.43
1759964254733,16.95
1759964255827,16.54
1759964256864,11.96
1759964257936,16.74
1759964259001,15.53
1759964260078,15.42
1759964261155,15.35
1759964262228,15.23
1759964263300,15.26
1759964264378,15.21
1759964265452,15.35
1759964266527,15.41
1759964267594,16.27
1759964268700,17.01
1759964269795,17.05
1759964270896,17.02
1759964271987,17.03
1759964273081,16.97
1759964274178,17.08
1759964275269,17.07
1759964276358,17.04
1759964277442,17.04
1759964278542,17.02
1759964279621,16.97
1759964280715,17.07
1759964281794,17.15
1759964282896,17.09
1759964283981,17.08
1759964285068,17.12
1759964286152,17.10
1759964287234,16.91
1759964288288,16.78
1759964289365,16.89
1759964290441,16.75
1759964291517,16.70
1759964292588,16.68
1759964293666,16.70
1759964294740,16.69
1759964295815,14.13
1759964296852,9.21
1759964297890,9.20
1759964298928,11.11
1759964299975,13.77
1759964301013,9.92
1759964302053,10.12
1759964303090,10.89
1759964304137,10.68
1759964305180,9.97
1759964306221,10.37
1759964307262,10.37
1759964308304,10.39
1759964309345,12.12
1759964310384,10.28
1759964311427,10.15
1759964312464,10.09
1759964313501,10.01
1759964314538,9.88
1759964315576,10.02
1759964316614,9.76
1759964317655,10.01
1759964318692,10.90
1759964319732,10.35
1759964320770,10.01
1759964321809,10.06
1759964322846,11.37
1759964323888,11.51
1759964324930,9.55
1759964325972,9.88
1759964327010,9.78
1759964328046,12.12
1759964329093,13.41
1759964330137,12.64
1759964331183,12.38
1759964332223,11.94
1759964333265,13.20
1759964334305,12.10
1759964335364,11.99
1759964336411,11.33
1759964337449,10.99
1759964338485,11.31
1759964339525,8.58
1759964340567,8.65
1759964341608,8.63
1759964342648,8.49
1759964343690,8.57
1759964344734,8.37
1759964345775,8.43
1759964346817,8.50
1759964347857,8.44
1759964348905,8.49
1759964349945,8.85
1759964350985,8.79
1759964352026,8.27
1759964353066,8.47
1759964354106,8.48
1759964355146,8.65
1759964356188,8.65
1759964357228,8.47
1759964358267,8.40
1759964359306,8.40
1759964360347,8.55
1759964361387,8.50
1759964362430,8.65
1759964363470,8.48
1759964364512,8.44
1759964365551,8.46
1759964366591,8.47
1759964367633,8.73
1759964368674,8.58
1759964369716,9.34
1759964370757,9.02
1759964371797,8.64
1759964372839,8.60
1759964373882,8.23
1759964374927,7.86
1759964375968,8.00
1759964377041,8.95
1759964378089,7.75
1759964379134,7.72
1759964380182,7.75
1759964381229,7.16
1759964382276,7.14
1759964383322,7.13
1759964384368,7.14
1759964385415,7.64
1759964386461,7.10
1759964387507,7.09
1759964388553,7.07
1759964389600,7.07
1759964390646,7.07
1759964391692,7.18
1759964392737,7.61
1759964393786,7.14
1759964394832,7.12
1759964395878,7.12
1759964396925,7.14
1759964397968,9.64
1759964399008,8.73
1759964400050,8.83
1759964401094,10.21
1759964402136,10.64
1759964403182,12.22
1759964404257,10.12
1759964405302,10.95
1759964406376,11.63
1759964407449,11.26
1759964408492,8.80
1759964409537,8.33
1759964410604,8.28
1759964411674,10.20
1759964412718,11.88
1759964413787,8.96
1759964414832,8.75
1759964415878,8.56
1759964416921,11.54
1759964417964,15.15
1759964419043,43.48
1759964420072,35.43
1759964421115,14.96
1759964422186,11.74
1759964423241,10.18
1759964424297,10.73
1759964425343,10.78
1759964426421,9.78
1759964427466,10.02
1759964428538,12.49
1759964429585,15.95
1759964430626,9.37
1759964431696,9.73
1759964432741,9.84
1759964433783,9.84
1759964434834,10.06
1759964435880,8.98
1759964436926,8.96
1759964437971,9.65
1759964439040,11.22
1759964440085,17.40
1759964441145,11.87
1759964442219,11.34
1759964443263,10.14
1759964444317,9.73
1759964445362,8.78
1759964446406,10.16
1759964447452,15.44
1759964448528,17.30
1759964449602,12.27
1759964450676,12.95
1759964451747,9.72
1759964452793,8.81
1759964453836,8.73
1759964454876,9.23
1759964455920,9.88
1759964456993,9.53
1759964458038,12.18
1759964459085,9.05
1759964460151,9.03
1759964461197,8.76
1759964462243,8.83
1759964463284,8.62
1759964464353,9.03
1759964465426,9.01
1759964466471,8.46
1759964467516,8.80
1759964468561,8.85
1759964469606,8.72
1759964470646,8.95
1759964471691,8.72
1759964472735,8.73
1759964473779,8.78
1759964474826,8.69
1759964475869,8.91
1759964476911,8.41
1759964477955,8.79
1759964478999,8.76
1759964480038,8.67
1759964481084,8.89
1759964482131,8.47
1759964483176,8.73
1759964484218,8.75
1759964485260,8.58
1759964486305,8.90
1759964487349,8.44
1759964488394,8.80
1759964489436,8.90
1759964490477,8.69
1759964491522,9.02
1759964492568,8.55
1759964493614,8.78
1759964494649,8.19
1759964495683,8.98
1759964496728,8.79
1759964497771,8.74
1759964498816,8.99
1759964499863,8.84
1759964500909,9.23
1759964501954,8.45
1759964502999,8.90
1759964504044,8.90
1759964505093,8.55
1759964506164,9.07
1759964507209,8.90
1759964508253,8.86
1759964509299,8.84
1759964510346,8.62
1759964511393,8.78
1759964512438,8.45
1759964513482,8.73
1759964514528,8.77
1759964515575,8.88
1759964516619,11.62
1759964517687,14.72
1759964518739,14.57
1759964519793,13.83
1759964520843,13.19
1759964521893,12.36
1759964522943,11.44
1759964523990,10.77
1759964525037,9.94
1759964526083,9.08
1759964527128,9.41
1759964528173,7.79
1759964529219,7.79
1759964530266,7.85
1759964531313,7.12
1759964532357,7.10
1759964533402,7.12
1759964534447,7.10
1759964535493,7.22
1759964536536,10.40
1759964537579,10.59
1759964538622,9.67
1759964539669,8.31
1759964540716,8.91
1759964541781,10.96
1759964542837,12.89
1759964543878,8.97
1759964544924,9.27
1759964545999,16.18
1759964547067,12.25
1759964548136,12.51
1759964549203,42.53
1759964550279,42.43
1759964551312,19.23
1759964552371,17.85
1759964553426,15.33
1759964554479,12.98
1759964555550,9.29
1759964556597,13.74
1759964557663,15.23
1759964558732,18.34
1759964559801,15.95
1759964560869,10.73
1759964561929,15.45
1759964563033,14.29
1759964564101,11.97
1759964565149,17.09
1759964566217,15.91
1759964567284,10.81
1759964568356,15.70
1759964569453,10.67
1759964570498,11.40
1759964571554,12.56
1759964572632,11.46
1759964573700,11.18
1759964574752,12.75
1759964575824,17.25
1759964576875,17.33
1759964577940,10.42
1759964578987,16.11
1759964580042,11.49
1759964581107,14.97
1759964582165,17.23
1759964583245,14.67
1759964584291,19.62
1759964585385,13.47
1759964586457,10.50
1759964587533,11.83
1759964588600,8.89
1759964589665,9.38
1759964590713,9.17
1759964591780,8.45
1759964592852,9.39
1759964593923,11.33
1759964594993,22.49
1759964596049,45.29
1759964597109,29.14
1759964598200,13.28
1759964599264,11.77
1759964600332,10.60
1759964601400,10.28
1759964602471,11.45
1759964603547,17.57
1759964604627,14.68
1759964605694,11.65
1759964606762,18.49
1759964607859,13.55
1759964608923,12.72
1759964609991,9.14
1759964611031,14.07
1759964612101,9.73
1759964613175,12.29
1759964614248,11.51
1759964615317,9.10
1759964616362,8.45
1759964617404,8.40
1759964618480,9.22
1759964619553,9.66
1759964620598,9.50
1759964621654,9.26
1759964622699,9.19
1759964623769,29.19
1759964624840,44.35
1759964625900,26.53
1759964626967,13.53
1759964628010,10.33
1759964629056,10.20
1759964630124,17.45
1759964631230,11.37
1759964632281,9.45
1759964633324,9.41
1759964634362,9.70
1759964635410,14.65
1759964636514,17.77
1759964637582,9.58
1759964638629,9.09
1759964639683,12.33
1759964640730,8.99
1759964641776,12.69
1759964642822,9.10
1759964643868,9.05
1759964644914,8.48
1759964645955,12.19
1759964647024,10.05
1759964648101,13.96
1759964649172,11.66
1759964650245,9.17
1759964651291,10.61
1759964652364,12.05
1759964653409,9.06
1759964654456,8.45
1759964655500,8.45
1759964656573,8.77
1759964657625,12.27
1759964658670,8.97
1759964659716,8.40
1759964660764,8.40
1759964661810,8.34
1759964662856,8.33
1759964663900,8.37
1759964664946,10.42
1759964665992,14.00
1759964667068,14.11
1759964668139,9.01
1759964669184,10.79
1759964670229,10.10
1759964671275,8.41
1759964672326,14.84
1759964673402,11.98
1759964674470,12.56
1759964675519,12.05
1759964676566,9.02
1759964677634,8.53
1759964678704,10.48
1759964679775,10.52
1759964680847,11.32
1759964681918,12.28
1759964682986,12.31
1759964684054,10.07
1759964685109,10.14
1759964686183,10.08
1759964687235,15.50
1759964688315,9.01
1759964689360,11.21
1759964690406,12.05
1759964691452,11.75
1759964692522,10.41
1759964693595,10.48
1759964694669,12.59
1759964695740,11.82
1759964696799,37.88
1759964697829,45.57
1759964698899,18.16
1759964699939,18.54
1759964701008,15.81
1759964702080,13.13
1759964703149,13.20
1759964704227,12.64
1759964705298,9.01
1759964706366,8.43
1759964707436,8.77
1759964708501,9.45
1759964709567,16.29
1759964710595,45.59
1759964711633,34.56
1759964712696,18.63
1759964713765,13.01
1759964714805,11.29
1759964715873,10.87
1759964716942,12.01
1759964718013,10.30
1759964719082,9.37
1759964720154,10.32
1759964721212,16.71
1759964722258,17.31
1759964723337,17.53
1759964724412,16.57
1759964725481,17.55
1759964726552,16.34
1759964727611,20.03
1759964728660,17.92
1759964729696,13.17
1759964730742,10.67
1759964731812,15.27
1759964732890,17.75
1759964733942,14.68
1759964735034,13.15
1759964736131,16.56
1759964737204,12.81
1759964738274,16.74
1759964739350,16.52
1759964740396,11.03
1759964741465,14.00
1759964742538,9.04
1759964743583,8.94
1759964744629,10.28
1759964745700,11.65
1759964746746,12.31
1759964747809,9.72
1759964748852,9.32
1759964749907,12.42
1759964750947,10.89
1759964752014,15.65
1759964753086,11.24
1759964754155,12.48
1759964755222,10.26
1759964756267,9.04
1759964757316,28.68
1759964758348,46.37
1759964759406,27.25
1759964760444,11.00
1759964761506,9.27
1759964762551,9.45
1759964763598,10.69
1759964764675,15.44
1759964765738,14.79
1759964766818,11.25
1759964767899,12.90
1759964768968,10.83
1759964770042,13.90
1759964771113,11.63
1759964772187,11.12
1759964773255,16.58
1759964774304,10.94
1759964775373,11.61
1759964776440,10.02
1759964777487,9.90
1759964778557,9.93
1759964779603,9.60
1759964780674,9.61
1759964781743,9.72
1759964782794,9.67
1759964783845,9.94
1759964784886,10.04
1759964785957,10.21
1759964787002,13.62
1759964788054,10.53
1759964789125,11.23
1759964790187,17.16
1759964791264,18.72
1759964792348,12.55
1759964793388,12.96
1759964794450,12.36
1759964795496,9.12
1759964796542,13.27
1759964797587,11.41
1759964798657,11.94
1759964799728,11.12
1759964800773,10.74
1759964801843,9.94
1759964802888,11.64
1759964803988,15.16
1759964805077,17.31
1759964806144,14.15
1759964807194,9.43
1759964808234,11.45
1759964809304,11.88
1759964810346,13.24
1759964811413,18.30
1759964812514,12.63
1759964813556,9.90
1759964814611,17.12
1759964815664,12.47
1759964816706,16.66
1759964817765,16.30
1759964818835,13.92
1759964819898,12.52
1759964820969,9.67
1759964822040,10.72
1759964823091,9.77
1759964824151,16.03
1759964825216,13.45
1759964826286,11.30
1759964827327,9.94
1759964828383,12.08
1759964829449,34.97
1759964830533,44.83
1759964831617,15.55
1759964832681,10.26
1759964833751,10.31
1759964834820,9.83
1759964835865,10.60
1759964836912,9.47
1759964837990,9.90
1759964839060,9.76
1759964840126,10.22
1759964841198,9.88
1759964842244,9.59
1759964843289,9.91
1759964844334,10.13
1759964845380,9.99
1759964846425,9.67
1759964847466,9.71
1759964848511,9.55
1759964849582,9.88
1759964850650,9.60
1759964851691,9.56
1759964852735,9.52
1759964853802,10.09
1759964854847,15.45
1759964855920,16.54
1759964856995,14.91
1759964858039,17.65
1759964859085,17.63
1759964860163,13.52
1759964861242,17.66
1759964862315,17.40
1759964863378,17.69
1759964864451,16.35
1759964865524,12.45
1759964866574,12.29
1759964867640,11.34
1759964868712,10.18
1759964869782,10.17
1759964870852,9.94
1759964871897,9.59
1759964872947,9.67
1759964873992,9.77
1759964875040,13.98
1759964876108,15.55
1759964877159,17.73
1759964878209,17.63
1759964879258,17.32
1759964880328,15.47
1759964881382,17.73
1759964882437,15.91
1759964883497,17.73
1759964884576,15.16
1759964885647,10.73
1759964886725,9.58
1759964887767,15.18
1759964888810,17.95
1759964889880,14.69
1759964890946,16.81
1759964892018,10.55
1759964893088,12.27
1759964894151,11.44
1759964895198,12.42
1759964896269,9.20
1759964897320,9.58
1759964898365,10.35
1759964899436,10.03
1759964900502,11.51
1759964901547,15.83
1759964902611,16.42
1759964903679,14.09
